Country_Name,Country_Code,Series_Name,Series_Code,1960,1961,1962,1963,1964,1965,1966,1967,1968,1969,1970,1971,1972,1973,1974,1975,1976,1977,1978,1979,1980,1981,1982,1983,1984,1985,1986,1987,1988,1989,1990,1991,1992,1993,1994,1995,1996,1997,1998,1999,2000,2001,2002,2003,2004,2005,2006,2007,2008,2009,2010,2011,2012,2013,2014,2015,2016,2017,2018,2019,2020
Argentina,ARG,DeathInfant,SH.DTH.IMRT,,,,,,,,,,,31880.0,32344.0,32836.0,33230.0,33427.0,33230.0,32491.0,31199.0,29435.0,27349.0,25266.0,23404.0,21798.0,20433.0,19300.0,18498.0,18075.0,17966.0,18038.0,18168.0,18201.0,18003.0,17571.0,16981.0,16286.0,15555.0,14836.0,14164.0,13557.0,13022.0,12559.0,12152.0,11779.0,11413.0,11047.0,10716.0,10454.0,10242.0,10043.0,9821.0,9554.0,9228.0,8861.0,8479.0,8102.0,7719.0,7322.0,6915.0,6503.0,6095.0,5719.0
Belize,BLZ,DeathInfant,SH.DTH.IMRT,,,,,,,,,361.0,355.0,350.0,344.0,339.0,333.0,329.0,324.0,319.0,313.0,308.0,301.0,294.0,287.0,280.0,272.0,264.0,255.0,246.0,237.0,227.0,217.0,207.0,197.0,188.0,180.0,172.0,166.0,160.0,156.0,152.0,148.0,146.0,143.0,140.0,138.0,136.0,134.0,131.0,129.0,127.0,124.0,122.0,119.0,116.0,112.0,107.0,103.0,98.0,93.0,88.0,84.0,80.0
Bolivia,BOL,DeathInfant,SH.DTH.IMRT,,27060.0,27040.0,27000.0,26951.0,26877.0,26802.0,26704.0,26601.0,26492.0,26361.0,26216.0,26045.0,25844.0,25610.0,25336.0,25040.0,24711.0,24362.0,24017.0,23676.0,23363.0,23062.0,22765.0,22458.0,22138.0,21786.0,21401.0,20977.0,20516.0,20032.0,19524.0,18995.0,18448.0,17885.0,17302.0,16699.0,16072.0,15430.0,14771.0,14107.0,13444.0,12787.0,12140.0,11513.0,10905.0,10318.0,9758.0,9226.0,8722.0,8249.0,7804.0,7379.0,6973.0,6602.0,6270.0,5984.0,5720.0,5492.0,5286.0,5105.0
Brazil,BRA,DeathInfant,SH.DTH.IMRT,379150.0,377795.0,375538.0,372419.0,368749.0,364551.0,359690.0,354146.0,348129.0,341578.0,334940.0,328724.0,323269.0,318611.0,314846.0,311621.0,308537.0,305356.0,301391.0,296111.0,289490.0,281498.0,272556.0,262852.0,252893.0,242780.0,232552.0,222494.0,212592.0,203132.0,193959.0,185013.0,176024.0,166816.0,157645.0,148521.0,139784.0,131237.0,122942.0,114804.0,106815.0,98956.0,91339.0,84084.0,77298.0,71001.0,65431.0,60568.0,56392.0,52929.0,50020.0,47673.0,45811.0,44313.0,43119.0,42104.0,44108.0,40403.0,39558.0,38646.0,37657.0
Chile,CHL,DeathInfant,SH.DTH.IMRT,36880.0,35228.0,33960.0,32605.0,30572.0,27805.0,24948.0,22496.0,20640.0,19415.0,18748.0,18367.0,17997.0,17373.0,16267.0,14665.0,12842.0,11041.0,9474.0,8278.0,7430.0,6751.0,6128.0,5613.0,5311.0,5234.0,5258.0,5270.0,5203.0,5029.0,4753.0,4414.0,4061.0,3725.0,3426.0,3177.0,2981.0,2839.0,2714.0,2559.0,2367.0,2189.0,2063.0,1981.0,1925.0,1883.0,1859.0,1856.0,1863.0,1862.0,1845.0,1816.0,1784.0,1747.0,1698.0,1635.0,1566.0,1498.0,1434.0,1375.0,1315.0
Colombia,COL,DeathInfant,SH.DTH.IMRT,67853.0,67469.0,66967.0,66260.0,65365.0,64194.0,62740.0,61019.0,59042.0,56864.0,54611.0,52430.0,50400.0,48506.0,46797.0,45198.0,43699.0,42212.0,40691.0,39114.0,37469.0,35801.0,34178.0,32623.0,31211.0,29929.0,28834.0,27956.0,27221.0,26591.0,26043.0,25499.0,24902.0,24236.0,23491.0,22687.0,21850.0,21015.0,20204.0,19436.0,18698.0,17984.0,17268.0,16571.0,15864.0,15136.0,14425.0,13734.0,13083.0,12494.0,11950.0,11460.0,11019.0,10612.0,10239.0,9896.0,9575.0,9251.0,8925.0,8592.0,8268.0
Costa Rica,CRI,DeathInfant,SH.DTH.IMRT,4057.0,3872.0,4079.0,4463.0,4635.0,4465.0,4151.0,3926.0,3812.0,3733.0,3618.0,3424.0,3134.0,2809.0,2543.0,2337.0,2116.0,1852.0,1592.0,1411.0,1348.0,1365.0,1427.0,1501.0,1557.0,1570.0,1531.0,1434.0,1309.0,1219.0,1186.0,1168.0,1133.0,1090.0,1060.0,1052.0,1044.0,1019.0,977.0,919.0,853.0,794.0,753.0,729.0,717.0,709.0,702.0,693.0,681.0,669.0,657.0,642.0,619.0,591.0,568.0,552.0,541.0,533.0,519.0,496.0,462.0
Dominica,DMA,DeathInfant,SH.DTH.IMRT,,171.0,156.0,143.0,131.0,122.0,113.0,105.0,97.0,88.0,80.0,72.0,64.0,56.0,50.0,44.0,39.0,35.0,32.0,33.0,28.0,27.0,26.0,25.0,24.0,23.0,22.0,21.0,20.0,20.0,20.0,20.0,20.0,20.0,20.0,20.0,19.0,19.0,18.0,18.0,17.0,17.0,17.0,16.0,16.0,17.0,17.0,17.0,18.0,18.0,19.0,20.0,21.0,22.0,24.0,25.0,27.0,28.0,29.0,30.0,31.0
Ecuador,ECU,DeathInfant,SH.DTH.IMRT,23189.0,23142.0,23109.0,23099.0,23075.0,23079.0,23116.0,23185.0,23241.0,23274.0,23221.0,23077.0,22781.0,22352.0,21781.0,21136.0,20493.0,19876.0,19280.0,18707.0,18127.0,17545.0,16930.0,16330.0,15739.0,15171.0,14625.0,14150.0,13685.0,13249.0,12810.0,12364.0,11909.0,11429.0,10935.0,10419.0,9894.0,9368.0,8863.0,8378.0,7935.0,7533.0,7177.0,6856.0,6577.0,6324.0,6094.0,5866.0,5645.0,5425.0,5213.0,5015.0,4832.0,4664.0,4509.0,4373.0,4246.0,4128.0,4012.0,3886.0,3753.0
Guatemala,GTM,DeathInfant,SH.DTH.IMRT,29131.0,29007.0,28916.0,28848.0,28796.0,28762.0,28745.0,28731.0,28728.0,28720.0,28717.0,28691.0,28639.0,28567.0,28462.0,28318.0,30184.0,27870.0,27608.0,27274.0,26878.0,26406.0,28607.0,25210.0,24605.0,23929.0,23263.0,22651.0,22095.0,21590.0,21147.0,20731.0,20330.0,19930.0,19502.0,19058.0,18601.0,18132.0,17669.0,17212.0,16749.0,16265.0,15750.0,15216.0,14660.0,14091.0,13524.0,12979.0,12465.0,11985.0,11557.0,11163.0,10792.0,10447.0,10120.0,9823.0,9553.0,9300.0,9036.0,8780.0,8530.0
Guyana,GUY,DeathInfant,SH.DTH.IMRT,1613.0,1570.0,1529.0,1493.0,1465.0,1442.0,1423.0,1411.0,1401.0,1396.0,1391.0,1386.0,1378.0,1366.0,1349.0,1330.0,1310.0,1292.0,1277.0,1265.0,1257.0,1247.0,1233.0,1214.0,1188.0,1156.0,1120.0,1084.0,1049.0,1017.0,988.0,962.0,939.0,915.0,891.0,866.0,839.0,811.0,781.0,749.0,717.0,684.0,653.0,622.0,594.0,568.0,546.0,526.0,510.0,496.0,485.0,475.0,466.0,456.0,444.0,432.0,418.0,405.0,391.0,378.0,364.0
Honduras,HND,DeathInfant,SH.DTH.IMRT,13761.0,13639.0,13529.0,13434.0,13343.0,13273.0,13206.0,13129.0,13031.0,12909.0,12765.0,12604.0,12437.0,12267.0,13376.0,11904.0,11745.0,11555.0,11350.0,11132.0,10903.0,10664.0,10409.0,10150.0,9894.0,9633.0,9389.0,9147.0,8916.0,8689.0,8477.0,8287.0,8118.0,7965.0,7821.0,7680.0,7528.0,7353.0,9050.0,6920.0,6683.0,6419.0,6138.0,5854.0,5575.0,5308.0,5051.0,4806.0,4565.0,4334.0,4122.0,3933.0,3763.0,3614.0,3481.0,3359.0,3264.0,3173.0,3080.0,2988.0,2900.0
"Korea, Rep.",KOR,DeathInfant,SH.DTH.IMRT,83304.0,79823.0,76207.0,72382.0,68381.0,64251.0,60060.0,55972.0,52115.0,48477.0,45143.0,42123.0,39443.0,37025.0,34807.0,32774.0,30865.0,29084.0,27429.0,25818.0,24206.0,22529.0,20717.0,18799.0,16840.0,14918.0,13182.0,11676.0,10478.0,9560.0,8846.0,8273.0,7765.0,7262.0,6745.0,6205.0,5653.0,5117.0,4616.0,4162.0,3757.0,3395.0,3072.0,2780.0,2513.0,2272.0,2068.0,1905.0,1778.0,1680.0,1605.0,1540.0,1475.0,1408.0,1339.0,1267.0,1195.0,1125.0,1059.0,997.0,940.0
Mexico,MEX,DeathInfant,SH.DTH.IMRT,177333.0,175211.0,173509.0,172187.0,171235.0,170443.0,169781.0,169170.0,168300.0,167163.0,165503.0,163273.0,160578.0,157391.0,153836.0,149761.0,145370.0,140681.0,135878.0,130990.0,126165.0,121520.0,117053.0,112893.0,108878.0,105176.0,101540.0,97994.0,94444.0,90848.0,87245.0,83663.0,80131.0,76698.0,73365.0,70174.0,67093.0,64089.0,61246.0,58519.0,55921.0,53456.0,51158.0,48938.0,46884.0,44987.0,43211.0,41560.0,40080.0,38731.0,37469.0,36250.0,35073.0,33910.0,32728.0,31538.0,30368.0,29178.0,28010.0,26892.0,25833.0
Nicaragua,NIC,DeathInfant,SH.DTH.IMRT,11853.0,11903.0,11942.0,11988.0,12031.0,12091.0,12158.0,12243.0,12341.0,12462.0,12573.0,12678.0,13672.0,12750.0,12707.0,12569.0,12351.0,12073.0,11756.0,11402.0,11028.0,10639.0,10246.0,9866.0,9493.0,9145.0,8814.0,8500.0,8195.0,7890.0,7571.0,7243.0,6897.0,6543.0,6179.0,5822.0,5472.0,5140.0,5196.0,4546.0,4294.0,4066.0,3866.0,3681.0,3519.0,3373.0,3236.0,3111.0,2992.0,2879.0,2771.0,2666.0,2561.0,2458.0,2356.0,2257.0,2162.0,2069.0,1981.0,1893.0,1812.0
Panama,PAN,DeathInfant,SH.DTH.IMRT,3065.0,3062.0,3052.0,3038.0,3024.0,3007.0,2985.0,2960.0,2930.0,2889.0,2834.0,2767.0,2689.0,2605.0,2519.0,2440.0,2369.0,2303.0,2245.0,2191.0,2136.0,2082.0,2028.0,1976.0,1924.0,1875.0,1829.0,1788.0,1747.0,1710.0,1677.0,1649.0,1629.0,1613.0,1603.0,1598.0,1594.0,1589.0,1581.0,1567.0,1548.0,1523.0,1497.0,1470.0,1445.0,1421.0,1398.0,1373.0,1347.0,1323.0,1297.0,1271.0,1244.0,1212.0,1181.0,1150.0,1114.0,1080.0,1047.0,1011.0,979.0
Peru,PER,DeathInfant,SH.DTH.IMRT,63039.0,62973.0,62723.0,62338.0,61782.0,61140.0,60433.0,59756.0,59126.0,58530.0,63498.0,57225.0,56655.0,55937.0,55170.0,54413.0,53734.0,53170.0,52712.0,52279.0,51787.0,51197.0,50432.0,49435.0,48177.0,46662.0,44997.0,43249.0,41483.0,39759.0,38010.0,36151.0,34146.0,32031.0,29847.0,27648.0,25468.0,23384.0,21424.0,19600.0,17990.0,16582.0,15389.0,14360.0,13470.0,12665.0,11924.0,11213.0,10525.0,9858.0,9227.0,8646.0,8113.0,7651.0,7261.0,6923.0,6632.0,6374.0,6132.0,5916.0,5710.0
Paraguay,PRY,DeathInfant,SH.DTH.IMRT,4766.0,4823.0,4891.0,4960.0,5035.0,5106.0,5170.0,5215.0,5243.0,5255.0,5258.0,5256.0,5257.0,5273.0,5304.0,5350.0,5414.0,5488.0,5559.0,5621.0,5671.0,5701.0,5700.0,5683.0,5647.0,5590.0,5514.0,5425.0,5321.0,5207.0,5088.0,4968.0,4847.0,4736.0,4631.0,4531.0,4432.0,4332.0,4230.0,4121.0,4004.0,3886.0,3772.0,3669.0,3577.0,3487.0,3414.0,3334.0,3252.0,3171.0,3090.0,3002.0,2915.0,2833.0,2755.0,2683.0,2612.0,2535.0,2457.0,2379.0,2313.0
El Salvador,SLV,DeathInfant,SH.DTH.IMRT,15887.0,15975.0,16033.0,16081.0,16100.0,16102.0,16079.0,16054.0,16019.0,15971.0,15915.0,15853.0,15751.0,15612.0,15426.0,15176.0,14837.0,14435.0,13953.0,13417.0,14128.0,12189.0,11572.0,10950.0,10336.0,9763.0,9238.0,8768.0,8342.0,7951.0,7582.0,7228.0,6887.0,6544.0,6196.0,5840.0,5474.0,5106.0,4739.0,4389.0,4056.0,3739.0,3453.0,3193.0,2962.0,2755.0,2575.0,2416.0,2272.0,2141.0,2020.0,1911.0,1810.0,1722.0,1645.0,1577.0,1513.0,1451.0,1394.0,1338.0,1284.0
Suriname,SUR,DeathInfant,SH.DTH.IMRT,,,,,,,,,,,,,,,,,,,,,,,,,503.0,492.0,480.0,468.0,457.0,445.0,434.0,423.0,410.0,397.0,384.0,370.0,356.0,342.0,329.0,317.0,306.0,296.0,286.0,276.0,267.0,258.0,250.0,242.0,235.0,229.0,223.0,217.0,211.0,206.0,201.0,195.0,190.0,184.0,178.0,172.0,166.0
Uruguay,URY,DeathInfant,SH.DTH.IMRT,3122.0,3091.0,3039.0,2983.0,2934.0,2901.0,2875.0,2851.0,2822.0,2785.0,2745.0,2727.0,2756.0,2815.0,2868.0,2881.0,2825.0,2679.0,2463.0,2212.0,1961.0,1747.0,1592.0,1486.0,1414.0,1364.0,1320.0,1272.0,1221.0,1175.0,1138.0,1109.0,1088.0,1069.0,1047.0,1017.0,978.0,931.0,881.0,837.0,802.0,771.0,744.0,714.0,676.0,631.0,583.0,539.0,500.0,469.0,447.0,429.0,415.0,402.0,387.0,369.0,348.0,324.0,300.0,275.0,252.0
Argentina,ARG,DeathBel5,SH.DTH.MORT,,,,,,,,,,,,,,,39830.0,39394.0,38302.0,36567.0,34296.0,31714.0,29167.0,26906.0,24982.0,23335.0,21968.0,20984.0,20458.0,20307.0,20374.0,20516.0,20549.0,20316.0,19811.0,19123.0,18329.0,17498.0,16679.0,15913.0,15217.0,14601.0,14067.0,13604.0,13180.0,12766.0,12353.0,11983.0,11690.0,11453.0,11229.0,10981.0,10683.0,10320.0,9912.0,9491.0,9077.0,8656.0,8219.0,7767.0,7309.0,6854.0,6436.0
Belize,BLZ,DeathBel5,SH.DTH.MORT,,,,,,,,,,,,,458.0,448.0,440.0,431.0,422.0,413.0,404.0,393.0,383.0,371.0,360.0,348.0,336.0,322.0,309.0,296.0,281.0,267.0,253.0,239.0,227.0,216.0,206.0,198.0,191.0,185.0,179.0,175.0,171.0,167.0,164.0,162.0,159.0,157.0,154.0,151.0,148.0,145.0,142.0,139.0,135.0,130.0,125.0,119.0,114.0,108.0,102.0,98.0,93.0
Bolivia,BOL,DeathBel5,SH.DTH.MORT,,,,,,43406.0,43125.0,42794.0,42452.0,42097.0,41697.0,41276.0,40812.0,40298.0,39740.0,39127.0,38501.0,37838.0,37156.0,36500.0,35854.0,35252.0,34659.0,34055.0,33423.0,32765.0,32055.0,31313.0,30523.0,29690.0,28836.0,27960.0,27059.0,26133.0,25186.0,24215.0,23220.0,22195.0,21157.0,20108.0,19063.0,18036.0,17031.0,16056.0,15124.0,14229.0,13373.0,12564.0,11803.0,11088.0,10426.0,9808.0,9227.0,8685.0,8194.0,7758.0,7383.0,7044.0,6750.0,6486.0,6253.0
Brazil,BRA,DeathBel5,SH.DTH.MORT,497825.0,495380.0,491961.0,487638.0,482756.0,477224.0,470847.0,463512.0,455375.0,446220.0,436585.0,427192.0,418569.0,410839.0,404227.0,398368.0,392681.0,386779.0,379724.0,371094.0,361014.0,349505.0,337141.0,324130.0,311013.0,297868.0,284646.0,271575.0,258595.0,246048.0,233805.0,221807.0,209691.0,197514.0,185442.0,173777.0,162693.0,152045.0,141802.0,131989.0,122391.0,113078.0,104056.0,95558.0,87609.0,80324.0,73913.0,68307.0,63489.0,59488.0,56169.0,53485.0,51352.0,49646.0,48290.0,47147.0,49408.0,45255.0,44324.0,43325.0,42241.0
Chile,CHL,DeathBel5,SH.DTH.MORT,,,,,36550.0,33232.0,29811.0,26885.0,24678.0,23228.0,22444.0,21993.0,21546.0,20785.0,19439.0,17498.0,15299.0,13137.0,11263.0,9837.0,8825.0,8014.0,7266.0,6646.0,6280.0,6180.0,6203.0,6211.0,6129.0,5922.0,5598.0,5203.0,4792.0,4402.0,4055.0,3765.0,3538.0,3374.0,3228.0,3043.0,2813.0,2599.0,2444.0,2343.0,2272.0,2218.0,2186.0,2178.0,2184.0,2181.0,2160.0,2126.0,2090.0,2047.0,1991.0,1920.0,1840.0,1760.0,1685.0,1615.0,1544.0
Colombia,COL,DeathBel5,SH.DTH.MORT,95506.0,94784.0,93950.0,92874.0,91571.0,89897.0,87847.0,85432.0,82618.0,79475.0,76142.0,72779.0,69527.0,66415.0,63509.0,60713.0,58073.0,55490.0,52981.0,50488.0,48022.0,45582.0,43241.0,41024.0,39012.0,37195.0,35638.0,34367.0,33312.0,32397.0,31598.0,30825.0,30030.0,29164.0,28208.0,27190.0,26148.0,25103.0,24083.0,23115.0,22196.0,21311.0,20430.0,19578.0,18727.0,17862.0,17016.0,16187.0,15400.0,14685.0,14020.0,13415.0,12869.0,12377.0,11928.0,11518.0,11137.0,10759.0,10379.0,9994.0,9621.0
Costa Rica,CRI,DeathBel5,SH.DTH.MORT,5600.0,5593.0,5691.0,5808.0,5836.0,5735.0,5552.0,5325.0,5070.0,4789.0,4486.0,4161.0,3809.0,3442.0,3082.0,2745.0,2438.0,2161.0,1933.0,1776.0,1695.0,1671.0,1688.0,1724.0,1753.0,1755.0,1724.0,1660.0,1578.0,1498.0,1431.0,1375.0,1329.0,1292.0,1263.0,1238.0,1210.0,1173.0,1126.0,1071.0,1012.0,956.0,907.0,867.0,838.0,818.0,804.0,793.0,783.0,770.0,754.0,736.0,714.0,692.0,670.0,651.0,632.0,613.0,593.0,570.0,545.0
Dominica,DMA,DeathBel5,SH.DTH.MORT,,,,,,189.0,174.0,159.0,146.0,132.0,119.0,107.0,95.0,83.0,73.0,64.0,57.0,51.0,46.0,50.0,39.0,36.0,34.0,33.0,31.0,30.0,28.0,27.0,26.0,26.0,26.0,25.0,25.0,25.0,25.0,24.0,24.0,23.0,23.0,22.0,21.0,21.0,20.0,20.0,20.0,20.0,20.0,20.0,21.0,21.0,22.0,23.0,24.0,25.0,27.0,28.0,30.0,31.0,33.0,34.0,34.0
Ecuador,ECU,DeathBel5,SH.DTH.MORT,33641.0,33467.0,33318.0,33204.0,33076.0,33000.0,32991.0,33042.0,33085.0,33108.0,33002.0,32756.0,32270.0,31577.0,30661.0,29627.0,28596.0,27605.0,26651.0,25724.0,24769.0,23817.0,22814.0,21828.0,20861.0,19931.0,19063.0,18314.0,17610.0,16951.0,16301.0,15641.0,14975.0,14275.0,13565.0,12830.0,12099.0,11377.0,10703.0,10071.0,9499.0,8989.0,8536.0,8130.0,7781.0,7461.0,7168.0,6887.0,6614.0,6342.0,6082.0,5839.0,5615.0,5414.0,5232.0,5072.0,4925.0,4788.0,4654.0,4509.0,4357.0
Guatemala,GTM,DeathBel5,SH.DTH.MORT,,,42743.0,42551.0,42372.0,42207.0,42065.0,41926.0,41810.0,41672.0,41516.0,41329.0,41103.0,40860.0,40574.0,40243.0,45902.0,39357.0,38876.0,38313.0,37672.0,36929.0,43103.0,35038.0,34083.0,33040.0,31982.0,30972.0,30018.0,29130.0,28323.0,27558.0,26830.0,26123.0,25412.0,24696.0,23989.0,23279.0,22579.0,21901.0,21218.0,20519.0,19799.0,19060.0,18304.0,17537.0,16769.0,16024.0,15323.0,14657.0,14055.0,13514.0,13007.0,12535.0,12098.0,11705.0,11351.0,11021.0,10682.0,10357.0,10041.0
Guyana,GUY,DeathBel5,SH.DTH.MORT,2195.0,2131.0,2071.0,2017.0,1975.0,1938.0,1909.0,1889.0,1874.0,1864.0,1858.0,1851.0,1842.0,1828.0,1807.0,1784.0,1756.0,1730.0,1706.0,1685.0,1669.0,1652.0,1631.0,1606.0,1573.0,1532.0,1486.0,1436.0,1385.0,1337.0,1292.0,1251.0,1213.0,1177.0,1141.0,1106.0,1070.0,1032.0,993.0,951.0,909.0,866.0,825.0,785.0,748.0,714.0,683.0,656.0,633.0,613.0,597.0,582.0,568.0,554.0,539.0,522.0,505.0,488.0,471.0,454.0,436.0
Honduras,HND,DeathBel5,SH.DTH.MORT,,20020.0,19805.0,19607.0,19412.0,19239.0,19056.0,18867.0,18656.0,18416.0,18150.0,17863.0,17566.0,17258.0,20351.0,16582.0,16282.0,15950.0,15599.0,15239.0,14854.0,14451.0,14033.0,13606.0,13181.0,12747.0,12334.0,11933.0,11548.0,11182.0,10840.0,10532.0,10255.0,10001.0,9768.0,9543.0,9310.0,9057.0,13777.0,8456.0,8139.0,7792.0,7430.0,7068.0,6708.0,6367.0,6040.0,5729.0,5426.0,5139.0,4874.0,4637.0,4429.0,4244.0,4079.0,3928.0,3810.0,3697.0,3581.0,3472.0,3368.0
"Korea, Rep.",KOR,DeathBel5,SH.DTH.MORT,115768.0,111024.0,105998.0,100552.0,94658.0,88475.0,82081.0,75721.0,69664.0,64001.0,58917.0,54448.0,50607.0,47220.0,44209.0,41477.0,38916.0,36507.0,34225.0,31989.0,29759.0,27489.0,25135.0,22693.0,20242.0,17859.0,15700.0,13850.0,12356.0,11193.0,10302.0,9592.0,8981.0,8397.0,7818.0,7220.0,6611.0,6012.0,5447.0,4929.0,4461.0,4039.0,3657.0,3308.0,2986.0,2694.0,2445.0,2246.0,2090.0,1972.0,1881.0,1804.0,1730.0,1654.0,1575.0,1494.0,1412.0,1331.0,1254.0,1180.0,1112.0
Mexico,MEX,DeathBel5,SH.DTH.MORT,253537.0,249364.0,245841.0,243028.0,240741.0,238681.0,236888.0,235235.0,233272.0,231017.0,228098.0,224472.0,220301.0,215413.0,209966.0,203796.0,197208.0,190122.0,182786.0,175246.0,167722.0,160438.0,153462.0,146945.0,140834.0,135186.0,129751.0,124508.0,119347.0,114229.0,109134.0,104165.0,99284.0,94543.0,90009.0,85661.0,81487.0,77532.0,73789.0,70219.0,66873.0,63705.0,60762.0,57980.0,55410.0,53034.0,50831.0,48819.0,47006.0,45349.0,43803.0,42317.0,40891.0,39492.0,38098.0,36715.0,35358.0,33972.0,32617.0,31317.0,30081.0
Nicaragua,NIC,DeathBel5,SH.DTH.MORT,17487.0,17577.0,17639.0,17702.0,17748.0,17803.0,17855.0,17923.0,18004.0,18106.0,18187.0,18259.0,20998.0,18176.0,18030.0,17761.0,17385.0,16919.0,16391.0,15813.0,15213.0,14605.0,14005.0,13423.0,12866.0,12352.0,11860.0,11390.0,10928.0,10460.0,9975.0,9478.0,8970.0,8457.0,7938.0,7431.0,6941.0,6476.0,7047.0,5648.0,5298.0,4984.0,4706.0,4459.0,4241.0,4046.0,3866.0,3702.0,3548.0,3403.0,3267.0,3136.0,3006.0,2882.0,2759.0,2641.0,2527.0,2416.0,2311.0,2208.0,2113.0
Panama,PAN,DeathBel5,SH.DTH.MORT,4145.0,4128.0,4101.0,4069.0,4037.0,4000.0,3956.0,3908.0,3852.0,3778.0,3686.0,3577.0,3459.0,3333.0,3208.0,3093.0,2991.0,2898.0,2815.0,2737.0,2659.0,2582.0,2504.0,2429.0,2355.0,2286.0,2221.0,2163.0,2109.0,2059.0,2015.0,1977.0,1947.0,1926.0,1911.0,1901.0,1894.0,1887.0,1875.0,1856.0,1832.0,1800.0,1766.0,1733.0,1700.0,1668.0,1638.0,1607.0,1575.0,1544.0,1512.0,1480.0,1449.0,1409.0,1373.0,1336.0,1294.0,1255.0,1216.0,1174.0,1137.0
Peru,PER,DeathBel5,SH.DTH.MORT,103563.0,103040.0,102168.0,101068.0,99673.0,98160.0,96556.0,95038.0,93626.0,92289.0,107819.0,89298.0,88024.0,86582.0,85062.0,83600.0,82241.0,81101.0,80149.0,79244.0,78218.0,76997.0,75453.0,73508.0,71128.0,68348.0,65392.0,62374.0,59400.0,56566.0,53748.0,50800.0,47660.0,44376.0,41008.0,37651.0,34382.0,31286.0,28428.0,25852.0,23581.0,21625.0,19977.0,18562.0,17355.0,16288.0,15326.0,14420.0,13555.0,12724.0,11939.0,11211.0,10532.0,9933.0,9417.0,8962.0,8567.0,8218.0,7896.0,7615.0,7351.0
Paraguay,PRY,DeathBel5,SH.DTH.MORT,,6465.0,6549.0,6635.0,6732.0,6827.0,6914.0,6980.0,7025.0,7046.0,7052.0,7043.0,7029.0,7027.0,7036.0,7060.0,7104.0,7161.0,7216.0,7263.0,7297.0,7304.0,7279.0,7233.0,7163.0,7070.0,6955.0,6821.0,6671.0,6508.0,6338.0,6167.0,5996.0,5839.0,5689.0,5551.0,5417.0,5284.0,5152.0,5012.0,4865.0,4717.0,4571.0,4436.0,4312.0,4190.0,4091.0,3984.0,3876.0,3772.0,3667.0,3556.0,3445.0,3341.0,3242.0,3150.0,3062.0,2968.0,2874.0,2778.0,2699.0
El Salvador,SLV,DeathBel5,SH.DTH.MORT,23130.0,23245.0,23312.0,23356.0,23355.0,23333.0,23268.0,23196.0,23105.0,22987.0,22856.0,22714.0,22510.0,22259.0,21943.0,21531.0,20994.0,20375.0,19640.0,18827.0,21318.0,16959.0,16018.0,15065.0,14126.0,13239.0,12415.0,11669.0,10998.0,10386.0,9826.0,9294.0,8795.0,8298.0,7809.0,7314.0,6817.0,6324.0,5843.0,5385.0,4958.0,4554.0,4188.0,3856.0,3559.0,3293.0,3062.0,2859.0,2680.0,2519.0,2370.0,2237.0,2115.0,2009.0,1917.0,1836.0,1760.0,1688.0,1622.0,1557.0,1495.0
Suriname,SUR,DeathBel5,SH.DTH.MORT,,,,,,,,,,,,,,,,,,,,,,,,,,,,,533.0,519.0,504.0,490.0,474.0,458.0,442.0,425.0,408.0,392.0,376.0,362.0,348.0,336.0,324.0,313.0,302.0,292.0,282.0,273.0,265.0,257.0,250.0,244.0,237.0,231.0,225.0,219.0,213.0,206.0,199.0,193.0,186.0
Uruguay,URY,DeathBel5,SH.DTH.MORT,3490.0,3458.0,3404.0,3345.0,3294.0,3261.0,3236.0,3209.0,3177.0,3134.0,3088.0,3068.0,3102.0,3170.0,3233.0,3253.0,3194.0,3033.0,2792.0,2510.0,2227.0,1985.0,1809.0,1689.0,1607.0,1549.0,1499.0,1444.0,1385.0,1333.0,1292.0,1261.0,1238.0,1219.0,1195.0,1163.0,1120.0,1067.0,1012.0,962.0,922.0,888.0,857.0,823.0,781.0,729.0,675.0,624.0,579.0,543.0,517.0,497.0,481.0,465.0,448.0,427.0,403.0,377.0,349.0,320.0,293.0
Argentina,ARG,LifeExpectancy_year,SP.DYN.LE00.IN,65.055,65.176,65.269,65.348,65.426,65.518,65.64,65.796,65.989,66.219,66.483,66.774,67.078,67.383,67.686,67.985,68.283,68.585,68.891,69.197,69.496,69.777,70.033,70.262,70.466,70.65,70.825,71.001,71.186,71.384,71.594,71.813,72.032,72.246,72.453,72.651,72.843,73.029,73.213,73.396,73.576,73.755,73.932,74.107,74.28,74.451,74.62,74.787,74.952,75.116,75.278,75.439,75.598,75.756,75.913,76.068,76.221,76.372,76.52,76.667,
Belize,BLZ,LifeExpectancy_year,SP.DYN.LE00.IN,59.981,60.531,61.092,61.663,62.241,62.823,63.402,63.971,64.525,65.058,65.566,66.047,66.504,66.939,67.354,67.751,68.135,68.509,68.874,69.229,69.577,69.921,70.257,70.575,70.865,71.11,71.294,71.405,71.437,71.386,71.242,70.996,70.662,70.268,69.845,69.439,69.1,68.858,68.734,68.734,68.847,69.04,69.272,69.511,69.749,69.998,70.286,70.636,71.059,71.541,72.057,72.57,73.044,73.452,73.782,74.034,74.219,74.365,74.496,74.623,
Bolivia,BOL,LifeExpectancy_year,SP.DYN.LE00.IN,41.82,42.15,42.49,42.84,43.199,43.568,43.947,44.337,44.737,45.147,45.568,45.999,46.441,46.893,47.355,47.828,48.312,48.806,49.31,49.824,50.349,50.883,51.427,51.98,52.543,53.115,53.695,54.284,54.881,55.486,56.099,56.721,57.351,57.989,58.631,59.276,59.922,60.566,61.204,61.835,62.452,63.054,63.64,64.21,64.766,65.312,65.853,66.395,66.937,67.476,68.007,68.521,69.01,69.468,69.891,70.277,70.626,70.945,71.239,71.513,
Brazil,BRA,LifeExpectancy_year,SP.DYN.LE00.IN,54.143,54.634,55.13,55.627,56.121,56.61,57.091,57.563,58.025,58.475,58.911,59.332,59.739,60.132,60.513,60.884,61.243,61.595,61.942,62.286,62.63,62.976,63.326,63.68,64.039,64.406,64.782,65.165,65.553,65.947,66.343,66.742,67.141,67.539,67.932,68.318,68.695,69.061,69.419,69.769,70.116,70.462,70.813,71.17,71.531,71.896,72.26,72.618,72.966,73.3,73.619,73.921,74.209,74.483,74.745,74.994,75.23,75.456,75.672,75.881,
Chile,CHL,LifeExpectancy_year,SP.DYN.LE00.IN,57.219,57.616,58.031,58.467,58.927,59.415,59.931,60.474,61.044,61.637,62.254,62.895,63.555,64.231,64.917,65.609,66.307,67.005,67.698,68.378,69.033,69.655,70.239,70.782,71.282,71.737,72.148,72.524,72.872,73.198,73.509,73.808,74.1,74.386,74.671,74.957,75.244,75.53,75.813,76.092,76.366,76.634,76.894,77.146,77.391,77.63,77.865,78.099,78.33,78.558,78.779,78.986,79.176,79.349,79.504,79.646,79.779,79.909,80.042,80.181,
Colombia,COL,LifeExpectancy_year,SP.DYN.LE00.IN,57.269,57.813,58.329,58.825,59.308,59.784,60.257,60.729,61.201,61.675,62.152,62.629,63.105,63.578,64.047,64.518,64.994,65.477,65.964,66.451,66.926,67.38,67.802,68.187,68.529,68.823,69.065,69.266,69.436,69.591,69.75,69.936,70.161,70.433,70.752,71.112,71.497,71.887,72.264,72.619,72.945,73.241,73.517,73.777,74.026,74.265,74.5,74.732,74.962,75.193,75.424,75.655,75.882,76.105,76.322,76.531,76.732,76.925,77.109,77.287,
Costa Rica,CRI,LifeExpectancy_year,SP.DYN.LE00.IN,60.381,61.018,61.638,62.236,62.807,63.348,63.862,64.358,64.847,65.339,65.844,66.378,66.943,67.541,68.17,68.825,69.501,70.182,70.853,71.501,72.113,72.678,73.193,73.657,74.07,74.429,74.738,75.006,75.243,75.456,75.654,75.844,76.028,76.211,76.394,76.579,76.765,76.948,77.124,77.293,77.452,77.601,77.74,77.871,77.996,78.117,78.239,78.362,78.491,78.626,78.769,78.919,79.074,79.234,79.398,79.565,79.738,79.914,80.095,80.279,
Dominica,DMA,LifeExpectancy_year,SP.DYN.LE00.IN,,,,,,,,,,,,,,,,,,,,,,,71.4634146341463,,,,,71.9634146341463,,,,,73.9512195121951,,,,,75.9512195121951,,,,,76.5975609756098,,,,,,,,,,,,,,,,,,
Ecuador,ECU,LifeExpectancy_year,SP.DYN.LE00.IN,52.982,53.547,54.098,54.635,55.158,55.669,56.174,56.676,57.181,57.69,58.203,58.718,59.232,59.745,60.258,60.774,61.298,61.834,62.382,62.942,63.512,64.089,64.669,65.246,65.814,66.371,66.911,67.436,67.943,68.431,68.899,69.347,69.777,70.189,70.587,70.972,71.348,71.716,72.075,72.425,72.761,73.078,73.371,73.641,73.887,74.112,74.319,74.514,74.705,74.895,75.089,75.289,75.495,75.707,75.923,76.143,76.365,76.584,76.8,77.01,
Guatemala,GTM,LifeExpectancy_year,SP.DYN.LE00.IN,46.702,47.219,47.75,48.295,48.856,49.434,50.032,50.646,51.267,51.889,52.501,53.091,53.652,54.181,54.676,55.14,55.577,56.0,56.418,56.84,57.272,57.719,58.183,58.661,59.154,59.661,60.176,60.694,61.214,61.735,62.261,62.799,63.352,63.921,64.502,65.09,65.678,66.257,66.817,67.351,67.849,68.304,68.717,69.092,69.437,69.762,70.082,70.409,70.75,71.108,71.481,71.861,72.236,72.596,72.935,73.25,73.541,73.81,74.063,74.302,
Guyana,GUY,LifeExpectancy_year,SP.DYN.LE00.IN,60.26,60.441,60.623,60.805,60.984,61.157,61.317,61.462,61.588,61.697,61.789,61.868,61.938,62.005,62.072,62.14,62.211,62.283,62.355,62.427,62.498,62.565,62.626,62.684,62.741,62.801,62.869,62.95,63.046,63.159,63.287,63.427,63.576,63.73,63.891,64.064,64.255,64.468,64.705,64.964,65.242,65.532,65.828,66.122,66.412,66.694,66.972,67.247,67.521,67.792,68.059,68.321,68.575,68.819,69.049,69.262,69.454,69.624,69.774,69.906,
Honduras,HND,LifeExpectancy_year,SP.DYN.LE00.IN,46.274,46.953,47.625,48.285,48.926,49.548,50.151,50.742,51.33,51.921,52.522,53.14,53.778,54.439,55.124,55.834,56.567,57.317,58.08,58.851,59.632,60.427,61.236,62.05,62.859,63.643,64.382,65.062,65.679,66.229,66.723,67.175,67.605,68.028,68.45,68.871,69.284,69.676,70.041,70.378,70.689,70.976,71.249,71.511,71.77,72.026,72.285,72.544,72.803,73.061,73.317,73.569,73.814,74.051,74.278,74.495,74.701,74.898,75.088,75.27,
"Korea, Rep.",KOR,LifeExpectancy_year,SP.DYN.LE00.IN,55.4155365853659,56.0149756097561,56.5123170731707,56.9706097560976,57.4409268292683,57.9682926829268,58.5751707317073,59.2414634146341,59.9446097560976,60.6750243902439,62.1634146341463,62.6121951219512,63.009756097561,63.4073170731707,63.8048780487805,64.1536585365854,64.5024390243902,64.9,65.1975609756098,65.5463414634146,66.0463414634146,66.5463414634146,67.0951219512195,67.5463414634146,68.1951219512195,68.7951219512195,69.4463414634146,69.9975609756098,70.5487804878049,71.0487804878049,71.5975609756098,72.0463414634146,72.4975609756098,72.9975609756098,73.3975609756098,73.7,74.1512195121951,74.6024390243903,75.0048780487805,75.409756097561,75.909756097561,76.4121951219512,76.7658536585366,77.2146341463415,77.6658536585366,78.1682926829268,78.6682926829268,79.119512195122,79.5170731707317,79.9682926829268,80.1170731707317,80.5682926829269,80.819512195122,81.2707317073171,81.7219512195122,82.0243902439024,82.2756097560976,82.6268292682927,82.6268292682927,83.2268292682927,
Mexico,MEX,LifeExpectancy_year,SP.DYN.LE00.IN,57.077,57.668,58.193,58.656,59.069,59.447,59.807,60.165,60.536,60.932,61.362,61.829,62.327,62.845,63.378,63.922,64.467,65.009,65.54,66.055,66.553,67.031,67.493,67.942,68.38,68.809,69.232,69.649,70.062,70.469,70.866,71.248,71.61,71.953,72.279,72.598,72.925,73.268,73.625,73.988,74.34,74.658,74.922,75.118,75.243,75.3,75.296,75.255,75.194,75.128,75.065,75.011,74.966,74.93,74.908,74.904,74.917,74.947,74.992,75.054,
Nicaragua,NIC,LifeExpectancy_year,SP.DYN.LE00.IN,46.998,47.636,48.277,48.92,49.566,50.216,50.874,51.538,52.205,52.868,53.519,54.147,54.744,55.307,55.833,56.319,56.764,57.177,57.57,57.955,58.347,58.757,59.196,59.671,60.189,60.761,61.394,62.079,62.803,63.549,64.293,65.011,65.683,66.297,66.849,67.344,67.798,68.234,68.667,69.1,69.527,69.934,70.308,70.64,70.933,71.195,71.436,71.673,71.915,72.167,72.428,72.692,72.951,73.197,73.429,73.649,73.86,74.068,74.275,74.485,
Panama,PAN,LifeExpectancy_year,SP.DYN.LE00.IN,60.864,61.38,61.88,62.36,62.824,63.275,63.718,64.16,64.607,65.063,65.532,66.018,66.515,67.02,67.527,68.027,68.513,68.976,69.412,69.818,70.192,70.537,70.858,71.163,71.453,71.732,72.0,72.257,72.506,72.747,72.982,73.212,73.439,73.661,73.879,74.092,74.3,74.5,74.694,74.881,75.06,75.233,75.401,75.565,75.728,75.892,76.06,76.234,76.414,76.6,76.792,76.989,77.188,77.386,77.583,77.776,77.964,78.149,78.329,78.506,
Peru,PER,LifeExpectancy_year,SP.DYN.LE00.IN,48.012,48.628,49.224,49.792,50.334,50.872,51.432,52.038,52.702,53.42,54.174,54.935,55.671,56.36,56.994,57.575,58.114,58.636,59.158,59.691,60.24,60.804,61.378,61.958,62.542,63.132,63.731,64.338,64.949,65.56,66.165,66.757,67.33,67.88,68.405,68.903,69.378,69.834,70.274,70.7,71.111,71.505,71.882,72.24,72.581,72.908,73.222,73.528,73.826,74.12,74.41,74.697,74.981,75.258,75.529,75.792,76.044,76.286,76.516,76.736,
Paraguay,PRY,LifeExpectancy_year,SP.DYN.LE00.IN,63.881,64.105,64.314,64.5,64.659,64.793,64.908,65.015,65.124,65.241,65.368,65.506,65.653,65.806,65.964,66.13,66.302,66.481,66.664,66.847,67.026,67.192,67.343,67.479,67.603,67.723,67.85,67.993,68.157,68.343,68.545,68.753,68.958,69.152,69.335,69.511,69.69,69.88,70.087,70.31,70.546,70.786,71.023,71.249,71.464,71.667,71.862,72.055,72.251,72.45,72.653,72.86,73.068,73.274,73.473,73.662,73.836,73.992,74.131,74.254,
El Salvador,SLV,LifeExpectancy_year,SP.DYN.LE00.IN,49.95,50.621,51.256,51.847,52.391,52.893,53.36,53.803,54.226,54.628,54.998,55.32,55.586,55.793,55.948,56.052,56.11,56.142,56.178,56.248,56.394,56.658,57.058,57.601,58.283,59.097,60.025,61.024,62.044,63.05,64.0,64.858,65.617,66.273,66.824,67.277,67.651,67.978,68.284,68.581,68.875,69.162,69.432,69.68,69.908,70.124,70.333,70.542,70.756,70.978,71.21,71.449,71.692,71.935,72.175,72.412,72.644,72.872,73.096,73.317,
Suriname,SUR,LifeExpectancy_year,SP.DYN.LE00.IN,59.682,60.038,60.377,60.705,61.026,61.346,61.666,61.984,62.299,62.609,62.911,63.199,63.47,63.724,63.964,64.201,64.445,64.704,64.981,65.274,65.575,65.873,66.154,66.409,66.631,66.819,66.978,67.113,67.233,67.341,67.436,67.519,67.59,67.647,67.695,67.731,67.753,67.762,67.768,67.781,67.822,67.913,68.064,68.28,68.555,68.877,69.227,69.579,69.91,70.209,70.465,70.676,70.851,71.002,71.133,71.249,71.358,71.463,71.57,71.682,
Uruguay,URY,LifeExpectancy_year,SP.DYN.LE00.IN,67.783,68.007,68.198,68.347,68.455,68.521,68.554,68.567,68.575,68.588,68.616,68.664,68.732,68.823,68.941,69.089,69.271,69.484,69.723,69.983,70.256,70.536,70.814,71.085,71.343,71.583,71.804,72.008,72.201,72.386,72.569,72.757,72.955,73.166,73.388,73.62,73.854,74.086,74.309,74.523,74.731,74.939,75.152,75.373,75.599,75.826,76.046,76.251,76.437,76.603,76.75,76.882,77.004,77.124,77.244,77.369,77.498,77.632,77.77,77.911,
